date,open_USD,high_USD,low_USD,close_USD,volume
30-01-2021,34246.28,34933,32825,34218.54,43072
29-01-2021,33368.18,38531.9,31915.4,34252.2,231827
28-01-2021,30362.19,33783.98,29842.1,33364.86,92621
27-01-2021,32464.01,32557.29,29241.72,30366.15,95911
26-01-2021,32254.19,32921.88,30837.37,32467.77,84972
25-01-2021,32259.45,34875,31910,32254.2,88499
24-01-2021,32078,33071,30900,32259.9,57978
23-01-2021,32950,33456,31390.16,32078,64595
22-01-2021,30851.99,33826.53,28850,32945.17,142971
21-01-2021,35468.23,35600,30071,30850.13,131803
20-01-2021,35901.94,36415.31,33400,35468.23,89368
19-01-2021,36622.46,37850,35844.06,35891.49,79611
18-01-2021,35824.99,37469.83,34800,36631.27,70698
17-01-2021,35994.98,36852.5,33850,35828.61,80157
16-01-2021,36737.43,37950,35357.8,35994.98,86348
15-01-2021,39145.21,39747.76,34408,36742.22,118300
14-01-2021,37371.38,40100,36701.23,39144.5,102950
13-01-2021,34049.15,37850,32380,37371.38,124477
12-01-2021,35410.37,36628,32531,34051.24,133948
11-01-2021,38150.02,38264.74,30420,35404.47,249131
10-01-2021,40088.22,41350,35111.11,38150.02,118209
09-01-2021,40586.96,41380,38720,40088.22,75785
08-01-2021,39432.48,41950,36500,40582.81,139789
07-01-2021,36769.36,40365,36300,39432.28,132825
06-01-2021,33949.53,36939.21,33288,36769.36,127139
05-01-2021,31989.75,34360,29900,33949.53,116049
04-01-2021,33000.05,33600,28130,31988.71,140899
03-01-2021,32176.45,34778.11,31962.99,33000.05,120957
02-01-2021,29331.7,33300,28946.53,32178.33,129993
01-01-2021,28923.63,29600,28624.57,29331.69,54182
31-12-2020,28875.55,29300,27850,28923.63,75508
30-12-2020,27385,28996,27320,28875.54,95356
29-12-2020,27079.42,27410,25880,27385,69411
28-12-2020,26281.54,27500,26101,27079.41,79721
27-12-2020,26493.4,28422,25700,26281.66,148455
26-12-2020,24712.47,26867.03,24500,26493.39,97806
25-12-2020,23728.99,24789.86,23433.6,24712.47,79519
24-12-2020,23232.39,23794.43,22703.42,23729.2,69013
23-12-2020,23810.79,24100,22600,23232.76,119047
22-12-2020,22719.88,23837.1,22353.4,23810.79,87033
21-12-2020,23455.54,24102.77,21815,22719.71,88030
20-12-2020,23821.6,24295,23060,23455.52,76690
19-12-2020,23107.39,24171.47,22750,23821.61,86045
18-12-2020,22797.15,23285.18,22350,23107.39,79646
17-12-2020,21335.52,23800,21230,22797.16,184882
16-12-2020,19426.43,21560,19278.6,21335.52,114306
15-12-2020,19273.69,19570,19050,19426.43,61834
14-12-2020,19174.99,19349,19000,19273.14,47257
13-12-2020,18808.69,19411,18711.12,19174.99,56560
12-12-2020,18036.53,18948.66,18020.7,18808.69,49519
11-12-2020,18254.81,18292.73,17572.33,18036.53,72610
10-12-2020,18541.29,18557.32,17911.12,18254.63,52890
09-12-2020,18324.11,18639.57,17650,18541.28,79585
08-12-2020,19166.9,19294.84,18200,18324.11,61626
07-12-2020,19358.67,19420.91,18902.88,19166.9,41372
06-12-2020,19147.66,19420,18857,19359.4,37043
05-12-2020,18650.51,19177,18500,19147.66,42922
04-12-2020,19422.34,19527,18565.31,18650.52,71283
03-12-2020,19204.08,19598,18867.2,19421.9,66689
02-12-2020,18764.96,19342,18330,19204.09,75911
01-12-2020,19695.87,19888,18001.12,18764.96,127698
30-11-2020,18185,19863.16,18184.99,19695.87,115463
29-11-2020,17719.84,18360.05,17517,18184.99,55329
28-11-2020,17139.53,17880.49,16865.56,17719.85,64910
27-11-2020,17149.47,17457.62,16438.08,17139.52,85297
26-11-2020,18718.83,18915.03,16188,17149.47,181005
25-11-2020,19160,19484.21,18500.27,18719.11,93266
24-11-2020,18368.01,19418.97,18018,19160.01,113581
23-11-2020,18413.88,18766,18000,18368,82961
22-11-2020,18703.8,18750,17610.86,18414.43,81645
21-11-2020,18655.66,18965.9,18308.58,18703.8,75577
20-11-2020,17802.81,18815.22,17740.04,18655.67,88423
19-11-2020,17777.75,18179.8,17335.65,17802.82,93009
18-11-2020,17659.38,18476.93,17214.45,17776.12,149019
17-11-2020,16713.08,17858.82,16538,17659.38,115221
16-11-2020,15957,16880,15864,16713.57,81300
15-11-2020,16069.56,16180,15774.72,15957,43596
14-11-2020,16320.04,16326.99,15670,16070.45,59116
13-11-2020,16291.85,16480,15952.35,16320.7,75691
12-11-2020,15684.25,16340.7,15440.64,16291.86,102196
11-11-2020,15297.21,15965,15272.68,15684.24,78469
10-11-2020,15328.41,15460,15072.46,15297.21,61681
09-11-2020,15475.1,15840,14805.54,15328.41,108976
08-11-2020,14818.3,15650,14703.88,15475.1,65547
07-11-2020,15579.93,15753.52,14344.22,14818.3,101431
06-11-2020,15590.02,15960,15166,15579.92,122618
05-11-2020,14144.01,15750,14093.56,15590.02,143741
04-11-2020,14023.53,14259,13525,14144.01,93016
03-11-2020,13549.63,14066.11,13284.99,14023.53,74115
02-11-2020,13761.49,13830,13195.05,13549.37,64566
01-11-2020,13791,13895,13603,13761.5,36285
31-10-2020,13560.1,14100,13411.5,13791,67339
30-10-2020,13455.69,13669.98,13115,13560.1,70657
29-10-2020,13266.4,13642.91,12920.77,13455.7,74872
28-10-2020,13636.16,13859.48,12888,13266.4,94440
27-10-2020,13052.15,13789.29,13019.87,13636.17,80796
26-10-2020,13029.64,13238.81,12765,13052.19,60951
25-10-2020,13111.73,13350,12888,13028.83,38481
24-10-2020,12923.06,13166.73,12870,13111.73,35952
23-10-2020,12968.84,13027.69,12720.08,12923.07,50386
22-10-2020,12780.75,13185,12678.08,12968.52,70038
21-10-2020,11910,13217.68,11886.95,12780.96,114584
20-10-2020,11751.46,12038.38,11677.59,11909.99,62134
19-10-2020,11503.14,11823.99,11407.96,11751.47,47414
18-10-2020,11360.31,11505,11346.22,11503.14,23284
17-10-2020,11319.24,11402.42,11255,11360.2,22368
16-10-2020,11505.13,11541.15,11200,11319.32,48797
15-10-2020,11417.89,11617.34,11250.83,11505.12,48760
14-10-2020,11420.57,11547.98,11280,11417.89,41415
13-10-2020,11528.24,11557,11300,11420.56,42205
12-10-2020,11369.02,11720.01,11172,11528.25,52825
11-10-2020,11293.22,11445,11221,11369.02,29043
10-10-2020,11050.64,11491,11050.51,11293.22,43648
09-10-2020,10925.44,11104.64,10829,11050.64,48240
08-10-2020,10666.4,10950,10530.41,10925.57,51959
07-10-2020,10599.65,10681.87,10546.17,10666.39,32811
06-10-2020,10792.2,10800,10525,10599.66,48674
05-10-2020,10666.62,10798,10615.64,10792.21,34025
04-10-2020,10542.07,10696.87,10517.87,10666.63,23212
03-10-2020,10570.4,10603.56,10496.46,10542.06,22298
02-10-2020,10619.13,10664.64,10374,10570.4,50130
01-10-2020,10776.59,10920,10437,10619.13,60866
30-09-2020,10840.58,10849.34,10665.13,10776.59,39596
29-09-2020,10696.11,10867.54,10635.87,10840.48,41874
28-09-2020,10774.26,10950,10626,10696.12,50095
27-09-2020,10728.59,10799,10594.82,10774.25,30549
26-09-2020,10686.57,10820.94,10644.68,10728.6,28420
25-09-2020,10736.33,10760.53,10556.24,10686.67,48101
24-09-2020,10241.46,10795.24,10190.93,10736.32,57676
23-09-2020,10529.61,10537.15,10136.82,10241.46,51876
22-09-2020,10417.22,10572.71,10353,10529.61,43991
21-09-2020,10920.28,10988.86,10296.35,10417.22,70683
20-09-2020,11080.64,11080.64,10723,10920.28,39157
19-09-2020,10933.4,11179.79,10887.37,11080.65,38440
18-09-2020,10940,11038.03,10812.84,10933.39,47266
17-09-2020,10954.01,11045.46,10745.83,10939.99,55601
16-09-2020,10785.23,11093,10661.22,10954.01,64991
15-09-2020,10671.77,10930.04,10606.48,10785.31,61822
14-09-2020,10332.84,10750,10212.34,10671.77,67059
13-09-2020,10440.67,10580.11,10200,10332.83,43837
12-09-2020,10387.89,10477.97,10269.25,10440.92,35379
11-09-2020,10336.86,10397.6,10200,10387.89,43830
10-09-2020,10219.29,10483.35,10070.83,10336.87,58253
09-09-2020,10126.66,10343,9981.01,10219.2,49347
08-09-2020,10373.45,10438,9850,10126.65,73491
07-09-2020,10255.89,10410.75,9875,10373.44,62620
06-09-2020,10166.69,10347.14,9994.86,10256.2,56368
05-09-2020,10446.25,10565.68,9825,10166.69,90001
04-09-2020,10138.29,10627.05,9875.5,10446.25,92733
03-09-2020,11388.54,11462.6,9960.8,10140.85,121950
02-09-2020,11921.97,11954.57,11160.1,11388.54,87221
01-09-2020,11649.51,12050.85,11515,11921.97,78148
31-08-2020,11711.17,11800.77,11570,11649.51,55353
30-08-2020,11465.84,11719,11458,11711.16,43177
29-08-2020,11526.9,11580.02,11417.04,11465.84,32973
28-08-2020,11330.38,11542.65,11276.89,11526.91,45953
27-08-2020,11461.42,11592.2,11125,11330.38,63246
26-08-2020,11318.42,11539.32,11244,11461.43,53998
25-08-2020,11748.19,11767.85,11117.64,11318.42,69590
24-08-2020,11648.12,11824.9,11585.09,11748.2,46212
23-08-2020,11663.51,11718.07,11514.13,11648.13,37900
22-08-2020,11531.23,11686,11376.81,11662.96,43678
21-08-2020,11853.54,11878,11485.81,11531.34,64448
20-08-2020,11754.38,11888,11668,11853.55,46085
19-08-2020,11945.1,12020.08,11561,11754.59,73940
18-08-2020,12281.15,12387.77,11817.93,11945.01,75923
17-08-2020,11910.99,12468,11769.78,12281.13,84734
16-08-2020,11852.4,11931.72,11686,11911,41368
15-08-2020,11760.55,11980,11680,11852.4,56237
14-08-2020,11779.77,11850,11634.03,11760.54,59818
13-08-2020,11564.34,11792.96,11270.36,11780,70132
12-08-2020,11392.09,11617.52,11150,11564.33,64909
11-08-2020,11892.9,11935,11125,11392.08,90748
10-08-2020,11681.69,12067.35,11450,11892.92,84952
09-08-2020,11761.02,11797.11,11521.97,11681.68,41493
08-08-2020,11594.36,11808.27,11512,11761.41,41858
07-08-2020,11762.47,11909.94,11322,11594.23,65755
06-08-2020,11744.91,11900,11562.5,11762.46,63529
05-08-2020,11191.99,11780.93,11093,11744.91,74970
04-08-2020,11219.68,11414.98,11000,11191.97,58629
03-08-2020,11071.36,11473,10936,11219.81,56931
02-08-2020,11801.17,12123.46,10518.5,11071.35,97553
01-08-2020,11335.46,11861,11220,11801.17,85087
31-07-2020,11099.79,11444,10960,11335.46,70063
30-07-2020,11100.52,11170,10831,11099.61,60794
29-07-2020,10906.27,11342.82,10812,11100.53,76838
28-07-2020,11029.96,11242.23,10565,10906.27,97267
27-07-2020,9931.54,11394.86,9917.21,11029.96,150188
26-07-2020,9700.42,10111,9650,9931.54,65279
25-07-2020,9538.1,9732.9,9513,9700.42,40679
24-07-2020,9603.27,9637,9463.44,9537.8,43931
23-07-2020,9518.16,9664,9440.33,9603.27,51856
22-07-2020,9390,9544,9261,9518.16,48815
21-07-2020,9160.78,9437.73,9152.8,9390,60413
20-07-2020,9208.99,9221.52,9131,9160.78,35458
19-07-2020,9170.3,9232.27,9101.35,9208.99,26052
18-07-2020,9154.31,9219.3,9121.1,9170.28,22554
17-07-2020,9133.72,9186.83,9089.81,9154.32,28054
16-07-2020,9197.6,9226.15,9047.25,9133.72,43375
15-07-2020,9255.85,9276.49,9160.57,9197.6,39053
14-07-2020,9242.61,9279.54,9113,9255.85,45772
13-07-2020,9303.31,9343.82,9200.89,9242.62,42740
12-07-2020,9234.02,9345,9157.5,9302.75,30872
11-07-2020,9288.34,9299.28,9178.25,9234.03,22561
10-07-2020,9232.42,9317.48,9125,9288.34,38295
09-07-2020,9436.06,9440.79,9160,9232.43,48044
08-07-2020,9257.4,9470,9231,9436.06,56140
07-07-2020,9342.47,9379.42,9203,9257.39,34587
06-07-2020,9069.41,9375,9055.92,9344.2,54463
05-07-2020,9135,9145.24,8893.03,9069.41,34073
04-07-2020,9057.79,9190,9040.04,9135.46,26441
03-07-2020,9086.54,9125,9037.47,9058.26,28943
02-07-2020,9231.99,9261.96,8940,9086.54,45725
01-07-2020,9138.08,9292,9080.1,9232,38488
30-06-2020,9192.93,9205,9064.89,9138.55,31463
29-06-2020,9116.16,9238,9024.67,9192.56,42120
28-06-2020,9012,9191,8948.06,9116.35,30688
27-06-2020,9162.21,9196.24,8833,9012,46290
26-06-2020,9249.49,9298,9045.45,9162.21,50292
25-06-2020,9298.33,9340,9009.69,9249.49,55831
24-06-2020,9624.33,9670,9208,9296.49,61571
23-06-2020,9685.69,9720,9577.03,9624.89,41031
22-06-2020,9294.69,9780,9277.09,9685.69,57895
21-06-2020,9358.95,9422,9281.54,9294.69,24316
20-06-2020,9310.23,9395,9170.95,9358.95,30329
19-06-2020,9386.32,9438.3,9215.79,9310.23,45330
18-06-2020,9465.13,9489,9280,9386.32,37381
17-06-2020,9526.97,9565,9236.61,9465.14,48046
16-06-2020,9426.05,9589,9373.09,9525.59,52052
15-06-2020,9342.1,9495,8910.45,9426.02,86107
14-06-2020,9473.34,9480.99,9245,9342.1,30055
13-06-2020,9464.96,9494.73,9351,9473.34,27759
12-06-2020,9278.88,9557.12,9232.51,9465.13,50119
11-06-2020,9885.22,9964,9113,9280.4,94418
10-06-2020,9772.44,9992.72,9704.18,9885,47130
09-06-2020,9782,9877,9570,9772.43,46024
08-06-2020,9746.99,9800,9633,9782.01,40664
07-06-2020,9666.85,9802,9372.46,9746.99,57952
06-06-2020,9621.17,9735,9531.05,9666.3,32752
05-06-2020,9788.14,9854.75,9581,9621.16,47788
04-06-2020,9666.32,9881.63,9450,9789.06,57456
03-06-2020,9518.02,9690,9365.21,9666.24,46252
02-06-2020,10202.71,10228.99,9266,9518.04,108970
01-06-2020,9448.27,10380,9421.67,10200.77,76649
31-05-2020,9697.72,9700,9381.41,9448.27,48333
30-05-2020,9426.6,9740,9331.23,9697.72,55665
29-05-2020,9575.87,9605.26,9330,9427.07,57374
28-05-2020,9204.07,9625.47,9110,9575.89,74110
27-05-2020,8841,9225,8811.73,9204.07,68910
26-05-2020,8900.35,9017.67,8700,8841.18,58299
25-05-2020,8718.14,8979.66,8642.72,8900.35,62833
24-05-2020,9179.01,9298,8700,8720.34,70379
23-05-2020,9170,9307.85,9070,9179.15,43526
22-05-2020,9067.51,9271,8933.52,9170,58943
21-05-2020,9511.43,9578.47,8815,9068.65,108928
20-05-2020,9775.13,9842,9326,9511.43,74923
19-05-2020,9733.93,9897.21,9474,9775.53,78539
18-05-2020,9681.11,9950,9464.23,9733.93,82006
17-05-2020,9380.81,9888,9322.1,9680.04,68647
16-05-2020,9315.96,9588,9220,9381.27,59587
15-05-2020,9791.97,9845.62,9150,9316.42,115890
14-05-2020,9309.35,9939,9256.76,9791.98,129565
13-05-2020,8810.99,9398,8792.99,9309.37,92466
12-05-2020,8562.04,8978.26,8528.78,8810.79,86522
11-05-2020,8722.77,9168,8200,8561.52,168807
10-05-2020,9539.1,9574.83,8117,8722.77,183865
09-05-2020,9800.02,9914.25,9520,9539.4,81950
08-05-2020,9986.3,10035.96,9705,9800.01,100683
07-05-2020,9143.4,10067,9021,9986.4,147154
06-05-2020,9021.36,9395,8906.21,9142.92,105925
05-05-2020,8871.92,9118.58,8760,9021.83,76480
04-05-2020,8894.15,8950,8522,8871.96,84418
03-05-2020,8972.58,9200,8712,8894.16,90126
02-05-2020,8825.67,9010,8753,8972.05,59002
01-05-2020,8620,9059.18,8613.56,8826.96,91468
30-04-2020,8778.58,9460,8401,8620,206277
29-04-2020,7738.58,8952.89,7710.05,8778.57,183546
28-04-2020,7773.51,7780,7659.12,7738.98,46302
27-04-2020,7693.1,7792.02,7606,7774.62,65441
26-04-2020,7539.03,7700,7480,7693.1,50522
25-04-2020,7505,7705,7431.07,7538.67,43874
24-04-2020,7483.96,7615.96,7388,7505,60182
23-04-2020,7125.12,7738,7020,7482.39,102773
22-04-2020,6841.36,7156.38,6818,7125.14,61486
21-04-2020,6828.98,6940,6762,6841.37,60109
20-04-2020,7121.4,7220,6751,6826.83,90149
19-04-2020,7248.6,7266.15,7055.6,7120.74,45664
18-04-2020,7026.78,7293.08,7014.4,7248.6,49488
17-04-2020,7101.99,7148.12,6972.98,7027.55,54126
16-04-2020,6621.25,7190,6468.27,7101.94,125009
15-04-2020,6868.57,6933,6605,6621.24,61571
14-04-2020,6838.04,6978,6754.28,6868.7,69068
13-04-2020,6903.79,6903.79,6575,6837.91,96415
12-04-2020,6876.84,7177,6780,6903.79,73868
11-04-2020,6858.92,6944.3,6760,6876.83,45470
10-04-2020,7283.54,7295.75,6739.98,6858.92,104674
09-04-2020,7360.26,7371.92,7108.08,7283.54,61094
08-04-2020,7197.32,7420,7150,7361.28,76059
07-04-2020,7329.9,7459.69,7077,7197.32,103585
06-04-2020,6772.78,7355.14,6765,7329.9,118052
05-04-2020,6857.41,6895.54,6677.52,6772.78,49685
04-04-2020,6732.97,6990.41,6650.01,6856.99,72990
03-04-2020,6793.86,7048,6602.1,6734.1,104080
02-04-2020,6643.36,7198,6551,6794.09,149299
01-04-2020,6412.14,6679.94,6150.11,6642.92,97500
31-03-2020,6394.45,6523.23,6321.4,6410.44,72337
30-03-2020,5880.5,6599,5857.76,6394.38,118889
29-03-2020,6236.65,6266,5866.56,5881.42,63311
28-03-2020,6359.11,6360,6024,6236.65,93159
27-03-2020,6737.27,6842.59,6261,6359.11,82914
26-03-2020,6677.42,6780,6510,6737.36,83026
25-03-2020,6744.69,6957.96,6450,6677.43,132155
24-03-2020,6465.25,6833,6371.33,6744.72,151138
23-03-2020,5816.05,6600,5688,6467.31,164674
22-03-2020,6187.04,6407.87,5734.01,5816.19,119115
21-03-2020,6204.57,6456.98,5860.02,6186.98,128913
20-03-2020,6162.05,6900,5670,6208.36,219298
19-03-2020,5393.26,6400,5252.53,6162.37,199020
18-03-2020,5312.64,5436.17,5009.37,5393.04,137127
17-03-2020,5028.86,5525,4921.45,5312.64,150089
16-03-2020,5360.33,5365.42,4442.12,5028.97,227276
15-03-2020,5172.48,5940,5093.1,5361.3,139916
14-03-2020,5576.05,5640.52,5055.13,5172.06,136910
13-03-2020,4800.01,5955,3782.13,5578.6,402201
12-03-2020,7934.58,7966.17,4410,4800,261505
11-03-2020,7894.57,7980,7590,7934.52,79942
10-03-2020,7929.87,8149,7728.01,7894.56,86783
09-03-2020,8034.76,8179.31,7632.01,7929.87,116968
08-03-2020,8885.25,8886.76,8000,8033.31,77537
07-03-2020,9130.89,9188,8835,8886.66,45422
06-03-2020,9054.64,9170,8985.5,9131.88,43782
05-03-2020,8750.99,9159.42,8746.54,9054.68,58201
04-03-2020,8760.07,8848.29,8660,8750.87,38696
03-03-2020,8911.18,8919.65,8651,8760.07,55154
02-03-2020,8530.3,8965.75,8498,8915.24,60401
01-03-2020,8523.61,8750,8411,8531.88,43892
29-02-2020,8690.8,8790,8523.55,8523.61,36748
28-02-2020,8823.25,8900,8445,8692.91,71155
27-02-2020,8786,8971.77,8531,8823.21,72483
26-02-2020,9316.48,9377.44,8633.63,8785.25,92130
25-02-2020,9655.52,9675,9250,9315.84,54379
24-02-2020,9936.4,9990,9473.56,9656.13,55796
23-02-2020,9650.85,9990,9645,9936.4,37702
22-02-2020,9677.05,9709.17,9560.02,9650.86,24636
21-02-2020,9597.21,9755.51,9550.21,9677.05,42181
20-02-2020,9594.65,9699,9400,9596.42,60152
19-02-2020,10164.78,10250,9350,9593.79,55162
18-02-2020,9706,10250,9576.01,10164.71,70604
17-02-2020,9910.7,9964.16,9452.67,9706,70261
16-02-2020,9904.46,10050,9638.12,9917.27,60023
15-02-2020,10344.36,10375,9801,9904.72,57657
14-02-2020,10227.78,10381.56,10111.37,10344.36,47038
13-02-2020,10325.33,10500,10080,10229.63,79344
12-02-2020,10223.08,10450,10223.08,10326.46,61008
11-02-2020,9851.74,10323.59,9700,10223.08,62422
10-02-2020,10151.72,10188,9756,9851.83,59573
09-02-2020,9895.04,10166,9880.75,10151.75,43408
08-02-2020,9813.87,9940,9667.11,9895.05,43600
07-02-2020,9772,9885,9730,9813.73,43966
06-02-2020,9612.03,9862.57,9526.35,9772,64949
05-02-2020,9197.02,9744.45,9177.22,9612.04,64870
04-02-2020,9291.35,9350,9093.01,9197.02,53308
03-02-2020,9331.59,9618.79,9234,9292.24,50892
02-02-2020,9384.41,9477.03,9120,9331.51,45690
01-02-2020,9351.71,9464.53,9281,9384.61,28578
31-01-2020,9511.52,9530.22,9210.01,9352.89,45552
30-01-2020,9301.57,9578,9204.44,9513.21,60626
29-01-2020,9375.34,9449.24,9216,9301.53,53864
28-01-2020,8907.57,9400,8862.4,9374.21,74584
27-01-2020,8614.39,9000,8535,8907.57,53973
26-01-2020,8340.01,8618.13,8293.66,8615,31130
25-01-2020,8438.99,8451.26,8254.9,8340.58,25521
24-01-2020,8404.52,8528.02,8238,8439,41687
23-01-2020,8682.77,8691.81,8306.39,8404.52,48165
22-01-2020,8736.04,8818,8590,8682.36,29080
21-01-2020,8642.35,8789,8488,8736.03,36494
20-01-2020,8701.72,8746.99,8521.28,8642.35,38896
19-01-2020,8915.09,9198.98,8466,8701.7,70676
18-01-2020,8913.27,8988.88,8806.38,8915.96,38294
17-01-2020,8720.15,9041.65,8672.44,8913.28,70897
16-01-2020,8820.01,8859.81,8586,8720.01,51991
15-01-2020,8814.64,8916.48,8564,8821.41,84816
14-01-2020,8110.34,8880,8105.54,8810.01,120399
13-01-2020,8184.97,8196,8055.89,8110.34,31159
12-01-2020,8020.01,8197,7960,8184.98,38131
11-01-2020,8198.86,8286.34,8003.16,8020.01,54810
10-01-2020,7817.74,8199,7672,8197.02,82406
09-01-2020,8054.72,8055.96,7750,7817.76,64239
08-01-2020,8145.92,8455,7870,8055.98,112622
07-01-2020,7758.9,8207.68,7723.71,8145.28,91171
06-01-2020,7357.64,7795.34,7346.76,7758,54635
05-01-2020,7354.19,7495,7318,7358.75,38331
04-01-2020,7345,7404,7272.21,7354.11,29987
03-01-2020,6965.49,7405,6871.04,7344.96,68428
02-01-2020,7200.77,7212.5,6924.74,6965.71,31951
01-01-2020,7195.24,7255,7175.15,7200.85,16792
31-12-2019,7246,7320,7145.01,7195.23,25954
30-12-2019,7388.43,7408.24,7220,7246,29605
29-12-2019,7315.36,7528.45,7288,7388.24,31387
28-12-2019,7254.77,7365.01,7238.67,7316.14,26848
27-12-2019,7202,7275.86,7076.42,7254.74,33642
26-12-2019,7205.01,7435,7157.12,7202,36259
25-12-2019,7255.77,7271.77,7128.86,7204.63,27492
24-12-2019,7317.3,7436.68,7157.04,7255.77,43629
23-12-2019,7500.71,7695.38,7265.84,7317.09,68051
22-12-2019,7131.59,7518.54,7122.47,7501.44,39137
21-12-2019,7188.01,7190.58,7105,7132.75,19467
20-12-2019,7151.31,7220,7079.5,7187.83,32132
19-12-2019,7277.83,7380,7038.31,7150.3,55509
18-12-2019,6623.84,7440,6435,7277.83,95636
17-12-2019,6891.44,6942.21,6560,6623.82,53865
16-12-2019,7119.6,7150,6836,6891.72,43863
15-12-2019,7064.14,7200.3,7008.35,7118.59,26395
14-12-2019,7257.37,7271.77,7012,7064.05,29561
13-12-2019,7197.76,7309.05,7190.76,7258.48,27609
12-12-2019,7210,7295,7080.3,7198.08,42288
11-12-2019,7224.15,7275.5,7125.66,7210,30093
10-12-2019,7338.64,7407.6,7157.1,7224.13,49723
09-12-2019,7510.11,7650,7273,7338.64,46621
08-12-2019,7487.31,7564,7374.86,7510.11,29856
07-12-2019,7527.8,7619.62,7470.16,7488.21,31498
06-12-2019,7389,7590.03,7305,7527.47,48189
05-12-2019,7194.59,7485,7150,7389,59306
04-12-2019,7292.71,7750,7067,7194.32,83147
03-12-2019,7294.42,7400,7241.35,7292.71,33149
02-12-2019,7391.5,7420.56,7151.1,7294.28,46330
01-12-2019,7540.63,7541.85,7210,7390.89,60769
30-11-2019,7740.99,7810,7441,7541.89,46989
29-11-2019,7418.52,7850,7362.3,7739.68,60745
28-11-2019,7507.9,7643,7360,7419.49,56933
27-11-2019,7154.75,7655,6840,7508.52,92452
26-11-2019,7109.99,7340,7017.48,7156.14,65722
25-11-2019,6900.23,7377.69,6515,7109.57,119645
24-11-2019,7311.1,7330.39,6861,6903.28,67890
23-11-2019,7268.23,7344.48,7080.01,7311.57,50449
22-11-2019,7627.79,7750,6790,7268.23,126603
21-11-2019,8098.56,8134.73,7500,7627.74,58418
20-11-2019,8133.83,8264.29,8038.4,8098.01,32466
19-11-2019,8186.5,8218.63,8003,8133.64,43556
18-11-2019,8502.87,8503.52,8060,8187.17,43017
17-11-2019,8490.74,8635,8350.68,8502.4,27009
16-11-2019,8471.62,8543,8400,8491.02,20902
15-11-2019,8646.38,8790,8400,8471.73,46087
14-11-2019,8777.54,8800,8582.6,8646.68,33468
13-11-2019,8821.91,8844.99,8702,8777.12,26810
12-11-2019,8733.36,8888,8567.6,8821.94,40366
11-11-2019,9040.16,9072.32,8618.68,8733.27,44888
10-11-2019,8809.18,9147.19,8750,9039.47,34422
09-11-2019,8773.74,8880,8724.88,8809.41,29469
08-11-2019,9214,9261,8696,8773.73,62107
07-11-2019,9339.16,9375,9101,9216.2,39117
06-11-2019,9307.73,9440.91,9250.01,9339.05,37336
05-11-2019,9392.4,9454.95,9175.76,9308.66,45935
04-11-2019,9196.46,9513.68,9115.84,9393.35,45894
03-11-2019,9289.85,9362.57,9066.14,9194.71,27894
02-11-2019,9231.4,9373.74,9186.21,9289.52,28923
01-11-2019,9140.86,9279,9030,9231.61,43594
31-10-2019,9154.02,9405,8913,9140.85,54376
30-10-2019,9407.62,9409.84,9001.01,9154.72,55241
29-10-2019,9204.45,9550,9072,9407.62,64158
28-10-2019,9528.23,9902.1,9160,9205.14,80174
27-10-2019,9230,9794.98,9074.34,9529.93,93833
26-10-2019,8655.88,10370,8470.38,9230,162588
25-10-2019,7412.41,8799,7361,8655.02,90748
24-10-2019,7468.47,7503.68,7337.99,7412.41,32714
23-10-2019,8020.06,8047.59,7300,7466.62,63897
22-10-2019,8197.28,8297.99,8000,8020,34651
21-10-2019,8223.35,8333,8142.03,8197.27,30448
20-10-2019,7949.87,8297,7870,8223.35,34286
19-10-2019,7946.89,8098.1,7866.92,7948.01,26627
18-10-2019,8070.71,8115,7816.01,7947.01,31353
17-10-2019,7995.02,8124.92,7929.03,8070.58,29656
16-10-2019,8159.3,8181.16,7917,7991.74,34733
15-10-2019,8346.86,8403,8090,8159.29,32773
14-10-2019,8275.24,8388.85,8203,8348.2,29810
13-10-2019,8301.98,8451.37,8160,8275.01,27840
12-10-2019,8257.95,8400,8250,8300.09,21339
11-10-2019,8557.82,8779.51,8212.38,8258.5,50405
10-10-2019,8562.15,8644,8414.52,8558.03,39137
09-10-2019,8170.79,8670,8115,8560.74,55038
08-10-2019,8190.82,8325,8088.75,8168.39,35452
07-10-2019,7855.3,8299.92,7762,8190.09,52202
06-10-2019,8127.55,8153.87,7785,7854.25,34676
05-10-2019,8137.09,8183.41,8012.98,8126.19,21907
04-10-2019,8224.43,8232.41,8005,8137.13,26476
03-10-2019,8360,8393,8060,8223.96,30488
02-10-2019,8292.67,8373.91,8151.22,8359.94,26243
01-10-2019,8289.97,8500,8173.05,8292.44,43472
30-09-2019,8043.04,8337.26,7710,8289.34,55865
29-09-2019,8199.38,8229.13,7890,8043.82,31544
28-09-2019,8177.47,8315,8001.09,8198.81,34473
27-09-2019,8063.49,8265,7852.15,8177.91,43882
26-09-2019,8430.05,8465.99,7750,8063.73,67930
25-09-2019,8497.55,8730,8215.64,8430.05,60783
24-09-2019,9702.2,9794.99,7800,8493.14,94007
23-09-2019,10028.05,10049.99,9615.77,9702.25,31937
22-09-2019,9985.15,10089,9853.97,10028.87,22049
21-09-2019,10167.92,10176.7,9900,9986.39,20544
20-09-2019,10243.7,10281,10061.39,10168.59,25088
19-09-2019,10156.41,10325,9653,10244.29,44826
18-09-2019,10187.48,10258.02,10100,10156.99,24250
17-09-2019,10249.68,10275,10128.01,10187.82,22914
16-09-2019,10303.34,10355,10078,10251.31,28971
15-09-2019,10332.81,10360,10252.15,10302.01,18047
14-09-2019,10344.13,10419.99,10222.33,10335.02,23621
13-09-2019,10415.01,10439,10153,10342.06,30280
12-09-2019,10158.75,10448.81,10040,10415.01,34511
11-09-2019,10098.19,10293,9880,10158.33,31953
10-09-2019,10302.58,10384.99,9953,10098.15,28915
09-09-2019,10381.24,10480,10068.5,10303.12,39835
08-09-2019,10455.9,10592.5,10208,10381.18,23984
07-09-2019,10298.71,10558,10288.57,10455.88,27637
06-09-2019,10563.13,10905.87,10150,10298.73,58799
05-09-2019,10565.92,10900,10450,10564.49,33970
04-09-2019,10611.85,10799,10369.89,10567.02,43943
03-09-2019,10340,10773,10272,10615.28,47998
02-09-2019,9723.59,10450,9712.5,10340,44740
01-09-2019,9588.74,9830,9520,9724.98,19545
31-08-2019,9582.76,9684.51,9420.75,9587.47,17130
30-08-2019,9499.01,9696,9350.41,9584.54,26834
29-08-2019,9721,9724,9320,9498.44,35532
28-08-2019,10185.69,10299,9601.01,9721,42110
27-08-2019,10373.6,10391.08,10051.08,10185.05,28402
26-08-2019,10142.69,10604,10137.93,10372.25,41687
25-08-2019,10134.61,10333,9906.97,10142.69,26271
24-08-2019,10388.16,10419.42,9890,10134.35,27692
23-08-2019,10099.9,10445,10019.79,10389.55,27550
22-08-2019,10140.82,10242,9762,10099.88,34059
21-08-2019,10760.51,10804.13,9858,10142.57,47355
20-08-2019,10914.73,10949.96,10560,10760.51,32298
19-08-2019,10306.17,10930,10258.6,10915.54,37243
18-08-2019,10216.05,10500,10080,10306.78,24085
17-08-2019,10331.15,10465.14,10000,10216.02,29000
16-08-2019,10296.77,10536.03,9750,10331.54,51758
15-08-2019,10055.16,10460,9911,10293.93,38174
14-08-2019,10893.36,10897.48,9928.1,10050.37,54451
13-08-2019,11398.35,11456.16,10788.45,10892.71,33234
12-08-2019,11539.08,11577.89,11235.32,11396.08,17568
11-08-2019,11309.24,11600,11112.11,11549.97,26772
10-08-2019,11879.98,11985,11270,11309.31,42633
09-08-2019,11994.17,12045.68,11700,11879.99,39427
08-08-2019,11975.04,12060,11521,11999.77,51207
07-08-2019,11481.69,12141.17,11382.84,11975.03,69173
06-08-2019,11830,12330.7,11226.7,11481.69,76705
05-08-2019,10929.99,11937.52,10927.8,11828.8,65153
04-08-2019,10816.86,11040,10552,10929.23,39924
03-08-2019,10523.75,10904.77,10497.93,10816.86,33802
02-08-2019,10375,10670,10281.35,10523.75,42990
01-08-2019,10080.53,10467.86,9863.46,10374.99,41727
31-07-2019,9575,10109.8,9555,10080.53,39515
30-07-2019,9509.07,9714.28,9402,9574.21,32536
29-07-2019,9541.54,9729,9395,9507.64,29021
28-07-2019,9478.92,9594.99,9165,9541.54,29401
27-07-2019,9824,10188.66,9333,9476.52,43809
26-07-2019,9882.15,9889.98,9637,9824,27167
25-07-2019,9763.4,10175,9720.03,9879.87,37873
24-07-2019,9864.78,9937,9525,9763.28,43475
23-07-2019,10343.08,10343.97,9822,9864.91,47624
22-07-2019,10590.15,10683.16,10100,10340.31,40467
21-07-2019,10740.27,10817.9,10288,10589.45,38834
20-07-2019,10505.78,11068.99,10350,10740.23,47331
19-07-2019,10628.64,10769.71,10121.84,10504.29,56546
18-07-2019,9668.86,10788,9252,10627.16,80283
17-07-2019,9430.17,9957,9060,9667.92,84942
16-07-2019,10833.78,11028,9350.01,9439.59,97219
15-07-2019,10174.18,11100,9860,10838.72,81922
14-07-2019,11355.78,11452,10103,10174.18,72517
13-07-2019,11757.22,11799.98,10830,11355.76,54245
12-07-2019,11342.88,11885,11073,11757.22,56321
11-07-2019,12108.11,12111.73,11000,11342.89,87506
10-07-2019,12548.51,13147.08,11569,12108.37,109246
09-07-2019,12238.6,12794.73,12068,12543.41,78442
08-07-2019,11410,12338.03,11220,12238.6,52182
07-07-2019,11256.45,11538,11094.37,11406.24,38884
06-07-2019,10982.41,11665,10964.51,11256.49,51469
05-07-2019,11145.67,11406.83,10796.44,10970.73,63534
04-07-2019,11940,12000,11055,11145.67,66512
03-07-2019,10844.98,11991.89,10841.04,11940,96815
02-07-2019,10624.9,10938.75,9727,10842.85,109561
01-07-2019,10854.1,11282.28,10030,10624.93,90962
30-06-2019,11903.13,12180,10766.03,10854.1,84512
29-06-2019,12407.06,12441.54,11475.02,11903.13,69642
28-06-2019,11329.99,12480,10982.88,12400.63,95795
27-06-2019,13098.38,13478.04,10525.1,11329.99,173894
26-06-2019,11821.28,13970,11741,13093.8,155930
25-06-2019,11056.59,11850,11026,11820.86,61276
24-06-2019,10905.95,11143.63,10620.8,11056.59,43101
23-06-2019,10729,11392.64,10555.18,10906.07,57445
22-06-2019,10159.86,11160,9921.72,10729.5,104169
21-06-2019,9518.06,10174.99,9518.06,10159.86,50484
20-06-2019,9253.76,9590,9175.2,9517.12,34556
19-06-2019,9081.97,9304,8960,9255.49,32147
18-06-2019,9312.13,9336.36,8950,9081.55,51554
17-06-2019,8953,9444,8950,9313.96,47895
16-06-2019,8810.77,9333,8760,8953.33,63289
15-06-2019,8650.88,8864.99,8567.63,8808.7,31791
14-06-2019,8216.44,8684.41,8144.32,8650,39835
13-06-2019,8127.64,8309.82,8010.03,8218.54,30467
12-06-2019,7884.9,8200,7788.99,8127.64,41597
11-06-2019,7981,8010,7692.23,7884.9,30334
10-06-2019,7627.57,8020,7511,7982.75,36756
09-06-2019,7895.28,7935,7506.66,7628.13,31568
08-06-2019,7978.94,8044.65,7751,7893.62,22657
07-06-2019,7787.57,8100,7737.49,7980.53,33942
06-06-2019,7778.08,7868.13,7444.58,7786.7,36624
05-06-2019,7687.04,7896.7,7572.78,7776.5,48679
04-06-2019,8115.66,8115.66,7481.02,7687.03,74143
03-06-2019,8726,8800.95,8080.8,8115.82,45692
02-06-2019,8545.1,8814.78,8524,8725.98,27835
01-06-2019,8555,8626,8442.36,8544.07,31868
31-05-2019,8267.1,8594,8108.5,8555,44727
30-05-2019,8646.5,9074.26,8005,8269.54,70379
29-05-2019,8716.87,8750,8406.6,8645.68,33880
28-05-2019,8752.52,8798.49,8510.63,8715.64,31470
27-05-2019,8612.54,8908.32,8589,8756.32,51886
26-05-2019,8023,8740,7833.42,8614.43,49652
25-05-2019,7964.52,8091.8,7908.34,8025.41,28414
24-05-2019,7849.95,8130,7766,7964.87,46664
23-05-2019,7627.8,7940.98,7461,7851.51,49648
22-05-2019,7904.48,8016,7465,7628.43,49136
21-05-2019,7937.16,8042.32,7771,7904.87,52301
20-05-2019,8147.94,8156.03,7553,7938.15,65859
19-05-2019,7257.32,8275.09,7243.08,8148.48,65577
18-05-2019,7355.28,7458,7156.61,7257.45,37054
17-05-2019,7868.67,7925,6913,7355.26,88752
16-05-2019,8169.08,8320,7705,7866.59,69630
15-05-2019,7945.26,8249,7850,8169.87,37884
14-05-2019,7795.62,8366,7599.56,7947.56,76583
13-05-2019,6968.24,8100,6870,7790.71,85804
12-05-2019,7076.24,7521.78,6750,6967.31,86948
11-05-2019,6375.16,7343.99,6372.85,7076.22,74022
10-05-2019,6209.95,6468.92,6172,6373.33,36623
09-05-2019,5986.66,6224.55,5983.71,6209.18,27453
08-05-2019,5846.34,6014.72,5772.2,5987.29,23074
07-05-2019,5749.92,6028.41,5747.74,5846.34,39905
06-05-2019,5773.18,5805,5619.14,5747.79,25256
05-05-2019,5829.83,5839.9,5696,5775.62,23822
04-05-2019,5770.62,5900,5587.45,5829.45,39682
03-05-2019,5494.81,5844,5477.57,5772.69,46297
02-05-2019,5383.2,5538,5370,5492.87,22795
01-05-2019,5321.94,5402,5316.2,5383.2,17217
30-04-2019,5238.14,5339.98,5192.15,5320.81,22238
29-04-2019,5309.81,5332,5178.8,5238.14,19918
28-04-2019,5295.69,5340,5259.48,5307.52,14371
27-04-2019,5315,5342.5,5257.67,5295.69,15422
26-04-2019,5220.47,5510,5161.62,5314.1,48912
25-04-2019,5415,5491.84,5102,5219.9,49636
24-04-2019,5490.91,5582.2,5333.35,5415,48224
23-04-2019,5357.14,5600,5332.41,5493.31,41262
22-04-2019,5257.41,5400,5208.35,5357.14,29563
21-04-2019,5292.91,5314.35,5165,5256.14,25549
20-04-2019,5258.68,5333.42,5230.1,5291.73,19168
19-04-2019,5258.44,5320,5175,5258.68,24611
18-04-2019,5202.41,5287,5198.8,5258.44,22619
17-04-2019,5173.72,5230.4,5146.8,5202.82,23307
16-04-2019,5024.95,5197.72,5003.94,5173.72,24242
15-04-2019,5131.28,5167.38,4950,5024.95,29057
14-04-2019,5047.45,5152.99,5000,5131.3,18281
13-04-2019,5047,5099,5004,5045.22,17292
12-04-2019,5017.37,5080.58,4861.22,5048.01,33276
11-04-2019,5307.86,5332.67,4927,5017.37,54696
10-04-2019,5150,5422,5135,5308.25,40073
09-04-2019,5238.38,5238.4,5076.68,5150,34067
08-04-2019,5170.27,5305,5039,5236.9,50178
07-04-2019,5042.07,5234,5026,5170.27,37615
06-04-2019,5004.96,5205,4928.59,5043.89,41770
05-04-2019,4898.64,5028.22,4880.62,5004.95,39768
04-04-2019,4932.59,5039.08,4777,4898.66,61054
03-04-2019,4857.19,5275.01,4753.5,4932.6,109890
02-04-2019,4144.54,4897.99,4140.54,4857.29,105383
01-04-2019,4102.44,4158.7,4067,4144.56,25507
31-03-2019,4106.99,4116.12,4082.57,4103.95,13525
30-03-2019,4104.24,4140,4052,4106.97,19509
29-03-2019,4028.22,4123.71,4024.03,4103.25,30084
28-03-2019,4039.58,4039.7,4002,4027.81,20089
27-03-2019,3948.77,4048,3936.15,4038.05,32364
26-03-2019,3935.47,3958.98,3894,3948.55,29349
25-03-2019,3991.35,3999.3,3888.71,3936.12,33192
24-03-2019,4006.01,4006.02,3950,3992.18,17179
23-03-2019,3987.89,4018.83,3978.01,4006.01,17302
22-03-2019,3980.85,4008,3968.25,3986.93,20022
21-03-2019,4043.04,4069.32,3880.01,3980.64,35997
20-03-2019,4017.48,4050,3980.5,4043.04,23432
19-03-2019,3987.83,4031,3970,4015.53,19893
18-03-2019,3981.85,4037,3953.33,3987.81,22454
17-03-2019,4005.98,4012,3950.01,3981.14,18814
16-03-2019,3924.46,4056.98,3921.98,4005.98,28568
15-03-2019,3877.12,3939.22,3872.2,3923.76,21740
14-03-2019,3866,3920,3810.43,3877.12,27048
13-03-2019,3882.69,3893.56,3840,3866,24461
12-03-2019,3871.61,3905.2,3826.06,3882.73,26921
11-03-2019,3915.99,3936.98,3830,3871.61,38066
10-03-2019,3943.43,3943.43,3881.69,3916.82,23187
09-03-2019,3864.88,3971.75,3854.75,3943.04,30979
08-03-2019,3873.63,3932,3800,3864.89,34730
07-03-2019,3861.84,3905.4,3840.4,3873.64,26455
06-03-2019,3857.58,3907,3813.09,3861.84,24775
05-03-2019,3716.1,3877.1,3703.55,3857.73,32962
04-03-2019,3807.32,3830,3670.69,3715.3,34742
03-03-2019,3819.97,3835,3781.32,3807.75,16718
02-03-2019,3822.17,3841.31,3772.25,3819.93,19445
01-03-2019,3814.26,3857,3813.01,3823,23174
28-02-2019,3818.04,3888,3763.87,3813.69,32561
27-02-2019,3809.31,3838.85,3677.17,3818.07,31500
26-02-2019,3828.44,3841.51,3777,3809.23,28838
25-02-2019,3743.56,3872.66,3740,3827.92,38102
24-02-2019,4118,4198,3712.66,3743.56,62224
23-02-2019,3962,4162.02,3933.15,4117.76,33657
22-02-2019,3937.31,3988,3926.65,3962,23943
21-02-2019,3969.74,4016.48,3901.03,3937.31,31103
20-02-2019,3907.35,3986.98,3870.66,3969.74,36205
19-02-2019,3897.35,3994.52,3856,3907.79,50207
18-02-2019,3667.62,3925,3655,3898.6,64042
17-02-2019,3617.22,3700.11,3604.4,3667.58,25690
16-02-2019,3602.49,3648.2,3597.91,3618.41,19565
15-02-2019,3590.57,3653.23,3573.45,3602.47,20777
14-02-2019,3608.34,3626.4,3568.11,3590.56,21753
13-02-2019,3631.51,3670,3591.75,3609.4,25773
12-02-2019,3631.05,3667.6,3582.34,3631.46,29479
11-02-2019,3679.75,3684.9,3615.53,3631.05,24954
10-02-2019,3665.18,3684.99,3609.76,3680.06,23250
09-02-2019,3660.27,3680.02,3625.13,3665.18,24759
08-02-2019,3398.4,3733.58,3373.1,3659.04,47968
07-02-2019,3407,3426.45,3390,3398.4,18665
06-02-2019,3471.57,3482.72,3380,3405.37,35310
05-02-2019,3463.22,3478.97,3448.43,3471.59,25264
04-02-2019,3458.11,3484.88,3433.31,3463.22,23131
03-02-2019,3504.06,3511.09,3426,3458.11,19867
02-02-2019,3462.2,3526.4,3440.29,3504.77,17920
01-02-2019,3434.1,3488,3401.2,3462.07,25260
31-01-2019,3457.5,3489.2,3418.8,3434.1,29607
30-01-2019,3410.04,3478,3387.1,3458.18,23968
29-01-2019,3434,3443.45,3349.92,3411.04,29544
28-01-2019,3550.05,3557.75,3380.27,3434.15,40405
27-01-2019,3565.62,3579,3486,3550.84,22735
26-01-2019,3566.69,3662.94,3545,3565.25,19476
25-01-2019,3569.07,3587.15,3522.51,3565.29,17608
24-01-2019,3552.97,3589,3529.22,3569.62,20826
23-01-2019,3570.41,3607.98,3514.5,3552.82,24938
22-01-2019,3526.88,3608.5,3434.85,3570.93,29336
21-01-2019,3539.26,3559.51,3475.5,3526.9,19644
20-01-2019,3665.75,3693.73,3475,3539.28,27901
19-01-2019,3594.87,3720,3594.23,3665.3,22171
18-01-2019,3613.32,3620,3565.75,3594.87,22713
17-01-2019,3591.84,3634.7,3530.39,3616.21,29755
16-01-2019,3553.06,3645,3543.51,3591.84,27480
15-01-2019,3626.08,3648.42,3516.62,3553.06,34137
14-01-2019,3477.56,3671.87,3467.02,3626.09,35235
13-01-2019,3584.1,3611.1,3441.3,3476.81,26385
12-01-2019,3601.31,3618.19,3530,3583.13,21999
11-01-2019,3585.88,3658,3465,3601.31,38338
10-01-2019,3966.06,3996.01,3540,3585.88,59402
09-01-2019,3955.45,4006.81,3930.04,3966.65,28989
08-01-2019,3976.76,4069.8,3903,3955.13,38901
07-01-2019,3987.62,4017.9,3921.53,3975.45,31869
06-01-2019,3771.12,4027.71,3740,3987.6,36553
05-01-2019,3790.09,3840.99,3751,3770.96,30490
04-01-2019,3767.2,3823.64,3703.57,3792.01,29519
03-01-2019,3857.57,3862.74,3730,3766.78,29406
02-01-2019,3796.45,3882.14,3750.45,3858.56,35156
01-01-2019,3701.23,3810.16,3642,3797.14,23741
31-12-2018,3803.12,3810,3630.33,3702.9,29991
30-12-2018,3696.71,3903.5,3657.9,3801.91,33222
29-12-2018,3839,3892,3670,3695.32,38874
28-12-2018,3567.89,3887.25,3540.04,3839.26,45964
27-12-2018,3777.74,3813.98,3535,3567.91,44097
26-12-2018,3745.56,3837.15,3656.74,3777.74,42629
25-12-2018,4010.11,4020,3646.41,3745.79,62725
24-12-2018,3929.71,4198,3924.83,4008.01,64647
23-12-2018,3948.91,4021.53,3870,3929.71,40117
22-12-2018,3840.25,3979,3785,3948.91,42822
21-12-2018,4051.86,4139.99,3764,3838.66,82343
20-12-2018,3660.01,4120,3635,4049.62,101543
19-12-2018,3653,3912.73,3622.55,3662.22,94137
18-12-2018,3509.03,3678.59,3424.47,3652.98,61369
17-12-2018,3229.22,3585,3216,3509.08,66761
16-12-2018,3211.71,3294,3186,3228.67,24628
15-12-2018,3225.19,3276.5,3156.26,3211.72,29796
14-12-2018,3302.06,3335.39,3177,3224.17,44492
13-12-2018,3446.38,3460,3255.5,3302.06,40040
12-12-2018,3379.23,3492,3350,3445,33922
11-12-2018,3434.01,3480,3324.32,3380.39,35920
10-12-2018,3548.49,3610,3370.11,3432.88,40989
09-12-2018,3411.36,3658,3394.04,3545.37,45956
08-12-2018,3403.57,3495,3222,3410.93,55365
07-12-2018,3508.75,3549.99,3224.6,3403.55,95145
06-12-2018,3768.44,3899.99,3500,3508.75,68378
05-12-2018,3950.98,3970,3745,3769.84,44004
04-12-2018,3884.76,4085,3781,3951.64,48489
03-12-2018,4160.55,4179,3827,3884.01,49094
02-12-2018,4190.98,4312.99,4103.04,4161.01,38912
01-12-2018,4041.27,4299.99,3963.01,4190.02,44840
30-11-2018,4295.72,4341.36,3943,4041.32,67758
29-11-2018,4262.06,4450.38,4125.65,4295.84,73980
28-11-2018,3875.63,4394.47,3874.27,4264.85,91983
27-11-2018,3864.45,3940,3689.12,3875.21,67480
26-11-2018,4088.69,4206,3701,3862.2,94503
25-11-2018,3933.68,4233,3652.66,4085.78,101693
24-11-2018,4415.63,4527,3824.69,3932.44,61693
23-11-2018,4370.9,4484,4222.94,4420.61,49371
22-11-2018,4661.08,4721.77,4335,4370,34531
21-11-2018,4559.91,4787.2,4413.85,4661.07,61071
20-11-2018,4913.4,5048.24,4326,4558.86,117380
19-11-2018,5661.94,5664,4855,4910.03,70580
18-11-2018,5630.49,5738.17,5617,5662,23844
17-11-2018,5650.57,5656.6,5565.43,5628.29,26411
16-11-2018,5757.09,5782.89,5549.25,5655.94,38721
15-11-2018,5917.2,5939.54,5403.42,5753.4,47700
14-11-2018,6458.98,6482.84,5656.87,5922.41,46478
13-11-2018,6451.68,6498,6391.15,6457.66,11790
12-11-2018,6450.71,6497,6421,6453.07,10132
11-11-2018,6435.16,6462.14,6355,6449.81,8213
10-11-2018,6419.99,6475.55,6411,6433.05,7714
09-11-2018,6479.84,6511.53,6391.01,6419.99,11787
08-11-2018,6578.46,6594,6468.22,6479.84,13259
07-11-2018,6522.73,6615.15,6509,6578.46,14271
06-11-2018,6468.99,6531.31,6445.18,6519.11,11926
05-11-2018,6485.85,6504.39,6431.02,6468.99,8987
04-11-2018,6388,6525,6359,6485.85,10592
03-11-2018,6432.8,6439.97,6345,6387.09,7661
02-11-2018,6410,6460.34,6388.2,6433.98,9739
01-11-2018,6369.52,6442.65,6348.66,6410,9099
31-10-2018,6330.01,6428,6245.02,6371.93,12148
30-10-2018,6344.5,6395,6317.01,6330.87,8877
29-10-2018,6489.93,6505.01,6315,6344.5,13827
28-10-2018,6505.6,6514.17,6453,6489.93,5743
27-10-2018,6538.63,6558.35,6463.04,6505.6,7776
26-10-2018,6528.13,6600,6515.01,6538.63,9443
25-10-2018,6566.81,6575.09,6502.8,6528.09,10342
24-10-2018,6553.51,6630,6547.53,6565.5,11951
23-10-2018,6581.2,6595,6515.45,6553.51,13856
22-10-2018,6590.12,6639,6535.27,6581.2,16213
21-10-2018,6585.72,6663.9,6580,6590.11,6515
20-10-2018,6528.88,6617.65,6505.55,6588.4,19240
19-10-2018,6618.96,6648.14,6523,6528.88,20772
18-10-2018,6739.01,6796,6567,6618.96,20116
17-10-2018,6762.76,6811.12,6676.01,6740.89,26641
16-10-2018,6752.5,6900,6670,6759.27,27557
15-10-2018,6339.34,7680,6300,6752.5,90748
14-10-2018,6332.92,6416,6308,6339.34,15627
13-10-2018,6298,6345,6285.07,6332.93,19098
12-10-2018,6252.71,6360,6209,6298.01,29004
11-10-2018,6630.21,6633.92,6205,6252.68,48712
10-10-2018,6656.67,6659.95,6530,6631,15390
09-10-2018,6673.01,6685.38,6607,6656.61,15354
08-10-2018,6615.26,6715.6,6587,6673.01,23123
07-10-2018,6596.44,6640,6525,6615.26,17406
06-10-2018,6635.65,6651,6566.77,6594.27,10939
05-10-2018,6591.69,6697,6543.08,6635.65,16096
04-10-2018,6510.01,6643.46,6505.09,6593.79,20074
03-10-2018,6525.79,6549,6430,6510,28451
02-10-2018,6610,6640,6494,6525.79,28245
01-10-2018,6626.57,6667.09,6510,6611.61,20621
30-09-2018,6597.66,6662,6533,6626.57,27764
29-09-2018,6634.58,6636,6464.57,6596.38,30255
28-09-2018,6689.12,6814.8,6540.88,6634.58,42399
27-09-2018,6467.84,6750,6434,6689.13,33087
26-09-2018,6445.11,6557.99,6379.7,6465.12,33484
25-09-2018,6581.42,6584.01,6325.02,6447.54,40301
24-09-2018,6706.81,6730,6557,6581.39,35305
23-09-2018,6723.05,6788.23,6661.75,6708,30286
22-09-2018,6759.01,6839.03,6627,6723.05,29349
21-09-2018,6492,6784.86,6491,6759.02,51779
20-09-2018,6392,6540,6325,6492,25189
19-09-2018,6336.39,6517.7,6123,6391.89,39044
18-09-2018,6248.69,6390,6224.98,6336.45,32620
17-09-2018,6500.08,6533.84,6201,6248.69,35987
16-09-2018,6514.96,6524.62,6370,6505,27568
15-09-2018,6476.63,6565.45,6466.13,6514.96,25243
14-09-2018,6487.39,6584.99,6385.62,6476.63,37173
13-09-2018,6338.62,6535,6337.4,6487.38,40465
12-09-2018,6293,6360,6192.37,6338.62,31433
11-09-2018,6311.99,6404,6169.68,6294.91,33104
10-09-2018,6252.26,6373.98,6221,6312,32439
09-09-2018,6185.06,6441,6141.53,6250.81,37053
08-09-2018,6395.54,6478,6111,6185.05,38215
07-09-2018,6516.84,6544,6320,6395.54,38906
06-09-2018,6697.27,6725,6265,6516.01,60644
05-09-2018,7359.05,7397.3,6682,6700,63715
04-09-2018,7263,7410,7227.17,7359.06,35300
03-09-2018,7302,7338.28,7191.63,7263.02,32396
02-09-2018,7201.57,7345.45,7127,7302.01,39814
01-09-2018,7011.21,7275,7008.74,7200.01,40323
31-08-2018,6984.84,7089,6888,7011.21,40467
30-08-2018,7033.21,7063.63,6784.81,6984.84,44716
29-08-2018,7077,7133.81,6912.34,7031.22,43252
28-08-2018,6907.26,7135,6860,7076.11,48352
27-08-2018,6700,6940.51,6646.5,6908.64,37747
26-08-2018,6733.64,6775.27,6568,6700,20107
25-08-2018,6686.98,6789,6650.61,6733.64,19220
24-08-2018,6525,6725,6440.5,6681.64,38305
23-08-2018,6362.57,6576.99,6342.28,6525.01,40358
22-08-2018,6479.98,6882.54,6251.2,6360.89,77909
21-08-2018,6251,6500,6235.08,6480,41569
20-08-2018,6477.53,6530,6220,6254.84,49435
19-08-2018,6387.96,6541,6300,6477.53,45190
18-08-2018,6579.04,6620,6288,6387.96,53742
17-08-2018,6316,6585,6285.4,6584.49,57851
16-08-2018,6265.27,6480,6205.6,6311.75,48515
15-08-2018,6188.08,6609,6172.11,6267.16,68806
14-08-2018,6248.25,6250.33,5880,6188.08,50186
13-08-2018,6308.56,6545,6145.04,6246.35,53895
12-08-2018,6222.55,6472.3,6130,6308.33,38567
11-08-2018,6148.13,6488,5971,6232.35,47133
10-08-2018,6529.79,6575.88,6026.39,6144.01,59034
09-08-2018,6283.27,6622.81,6178.6,6529.79,51941
08-08-2018,6720.63,6721.54,6123,6285,59550
07-08-2018,6935,7150.46,6670,6720.06,45438
06-08-2018,7024.19,7160,6821,6934.82,32760
05-08-2018,7009.84,7089.87,6882.29,7024.19,32894
04-08-2018,7412.27,7494.81,6926,7009.84,36288
03-08-2018,7525.71,7540,7282.44,7418.78,44669
02-08-2018,7600.08,7709.46,7455.72,7525.71,37665
01-08-2018,7735.67,7750,7430,7604.58,42582
31-07-2018,8171.4,8180,7633,7730.93,48296
30-07-2018,8210.99,8273,7866,8173.92,39692
29-07-2018,8225.04,8294.51,8115,8211,25531
28-07-2018,8188.57,8246.54,8067,8225.04,26215
27-07-2018,7920,8285,7805,8188.57,43671
26-07-2018,8175.63,8315.69,7850.06,7920,43223
25-07-2018,8397.24,8491.77,8050,8175.64,48257
24-07-2018,7721.65,8486,7696,8397.24,60121
23-07-2018,7394.78,7833,7375,7721.01,41646
22-07-2018,7399.25,7582.4,7335.5,7394.79,30270
21-07-2018,7337.47,7458.47,7211,7398.78,28886
20-07-2018,7468.86,7700,7273,7337.53,46140
19-07-2018,7381.88,7576.28,7270,7466.21,41218
18-07-2018,7317.44,7588.08,7225.38,7381.9,59487
17-07-2018,6723.33,7468.99,6652.04,7317.44,52105
16-07-2018,6354.15,6747.3,6330.4,6723.35,36204
15-07-2018,6250.9,6395,6225.4,6353.01,22979
14-07-2018,6214.57,6335,6178,6251.99,17783
13-07-2018,6251.4,6350,6110,6214.57,26375
12-07-2018,6378.07,6380.28,6070,6250.57,31306
11-07-2018,6296.91,6406,6278.99,6378.07,28715
10-07-2018,6662.78,6681,6263,6296.91,38560
09-07-2018,6712.1,6802.06,6612.24,6662.12,26732
08-07-2018,6753.48,6780,6667.44,6712.1,24622
07-07-2018,6609.79,6818.16,6508.88,6756.98,23973
06-07-2018,6529.2,6648.54,6425,6609.78,29397
05-07-2018,6585.53,6712,6453.33,6529.2,35071
04-07-2018,6511.01,6784.92,6441.11,6586.98,23571
03-07-2018,6615.29,6679.35,6463.01,6513.86,38657
02-07-2018,6360.82,6685,6271.62,6615.29,36230
01-07-2018,6391.08,6441.06,6251,6356.81,27562
30-06-2018,6197.92,6528.99,6186.03,6390.07,37919
29-06-2018,5851.01,6300,5780,6197.92,33911
28-06-2018,6134.73,6173.01,5827,5853.98,30585
27-06-2018,6065.89,6190.43,5971,6133.73,19225
26-06-2018,6252,6272.54,6035,6070.78,19377
25-06-2018,6137.95,6350,6061.97,6252,39164
24-06-2018,6149.98,6259.8,5750,6136.97,47445
23-06-2018,6045.92,6260,6008.48,6149.98,26622
22-06-2018,6717.69,6733.97,5918.94,6045,52157
21-06-2018,6763.21,6795,6672.57,6718.84,25428
20-06-2018,6740,6817.23,6551.81,6761.51,26359
19-06-2018,6711.39,6841.74,6653,6741.21,24311
18-06-2018,6444.06,6794.38,6380,6712.46,31821
17-06-2018,6482.5,6589.03,6422,6449.61,19847
16-06-2018,6380.01,6560,6320.86,6483.98,22277
15-06-2018,6638.67,6666.66,6362.31,6388.9,30018
14-06-2018,6292.78,6720,6260,6635.98,44478
13-06-2018,6530,6627.6,6118.68,6292.78,46185
12-06-2018,6872,6890.51,6435,6530,36722
11-06-2018,6765,6922,6610,6872,34552
10-06-2018,7491.73,7491.73,6622.81,6764.99,52342
09-06-2018,7603.44,7683.98,7450,7491.73,19339
08-06-2018,7691.08,7703.5,7531,7603.44,23396
07-06-2018,7658.79,7765,7620,7691.08,25062
06-06-2018,7626.64,7699,7467.05,7658.84,27229
05-06-2018,7487,7679.49,7358,7625,31722
04-06-2018,7714.26,7760.52,7446.5,7487,32258
03-06-2018,7636.81,7786.69,7600,7714.26,27505
02-06-2018,7521.01,7697.33,7437,7640.03,26720
01-06-2018,7485.01,7608.55,7355.54,7521.01,28259
31-05-2018,7382.07,7699,7327.51,7485.01,30776
30-05-2018,7467.98,7569,7260.5,7375.96,32041
29-05-2018,7099,7540,7032.95,7461.29,39407
28-05-2018,7338.99,7437,7058.02,7099,27219
27-05-2018,7334,7400,7231.11,7338.99,18706
26-05-2018,7456.99,7620,7300,7333.96,19464
25-05-2018,7578.99,7649.55,7308.15,7457,26739
24-05-2018,7501.95,7730.73,7266.99,7575.01,37845
23-05-2018,7977.12,8031.9,7425,7501.95,42910
22-05-2018,8386.89,8400.18,7935.11,7977.11,23710
21-05-2018,8526.97,8595.31,8305,8381.24,21516
20-05-2018,8233.49,8609,8163.9,8526.98,19957
19-05-2018,8238.01,8390.8,8095.73,8233.49,17193
18-05-2018,8038.82,8273.21,7911.9,8239.81,23476
17-05-2018,8330,8464,7979,8041.46,25439
16-05-2018,8462,8488,8083.01,8330,31130
15-05-2018,8663.37,8859.99,8401.3,8462,28126
14-05-2018,8679.71,8879.99,8277,8663.34,37389
13-05-2018,8475.44,8763.36,8298,8679.71,25632
12-05-2018,8405.94,8646.88,8153,8465.94,40241
11-05-2018,9002.21,9016.8,8341,8400,48227
10-05-2018,9310,9395.12,8970,9002.2,25055
09-05-2018,9178,9390,8965,9310,25673
08-05-2018,9365,9475.7,9060.54,9187.56,25533
07-05-2018,9661.02,9689.67,9181,9365,33787
